-- phpMyAdmin SQL Dump
-- version 5.2.1
-- https://www.phpmyadmin.net/
--
-- Servidor: 127.0.0.1
-- Tiempo de generación: 09-11-2024 a las 17:41:58
-- Versión del servidor: 10.4.32-MariaDB
-- Versión de PHP: 8.2.12

SET SQL_MODE = "NO_AUTO_VALUE_ON_ZERO";
START TRANSACTION;
SET time_zone = "+00:00";


/*!40101 SET @OLD_CHARACTER_SET_CLIENT=@@CHARACTER_SET_CLIENT */;
/*!40101 SET @OLD_CHARACTER_SET_RESULTS=@@CHARACTER_SET_RESULTS */;
/*!40101 SET @OLD_COLLATION_CONNECTION=@@COLLATION_CONNECTION */;
/*!40101 SET NAMES utf8mb4 */;

--
-- Base de datos: `bdcarritocompras`
--

-- --------------------------------------------------------

--
-- Estructura de tabla para la tabla `compra`
--

CREATE TABLE `compra` (
  `idcompra` bigint(20) NOT NULL,
  `cofecha` timestamp NOT NULL DEFAULT current_timestamp() ON UPDATE current_timestamp(),
  `idusuario` bigint(20) NOT NULL,
  `metodo` varchar(15) COLLATE latin1_swedish_ci NOT NULL
) ENGINE=InnoDB DEFAULT CHARSET=latin1 COLLATE=latin1_swedish_ci;

-- --------------------------------------------------------

--
-- Estructura de tabla para la tabla `compraestado`
--

CREATE TABLE `compraestado` (
  `idcompraestado` bigint(20) UNSIGNED NOT NULL,
  `idcompra` bigint(11) NOT NULL,
  `idcompraestadotipo` int(11) NOT NULL,
  `cefechaini` timestamp NOT NULL DEFAULT current_timestamp(),
  `cefechafin` timestamp NULL DEFAULT NULL
) ENGINE=InnoDB DEFAULT CHARSET=latin1 COLLATE=latin1_swedish_ci;

-- --------------------------------------------------------

--
-- Estructura de tabla para la tabla `compraestadotipo`
--

CREATE TABLE `compraestadotipo` (
  `idcompraestadotipo` int(11) NOT NULL,
  `cetdescripcion` varchar(50) NOT NULL,
  `cetdetalle` varchar(256) NOT NULL
) ENGINE=InnoDB DEFAULT CHARSET=latin1 COLLATE=latin1_swedish_ci;

--
-- Volcado de datos para la tabla `compraestadotipo`
--

INSERT INTO `compraestadotipo` (`idcompraestadotipo`, `cetdescripcion`, `cetdetalle`) VALUES
(1, 'iniciada', 'cuando el usuario : cliente inicia la compra de uno o mas productos del carrito'),
(2, 'aceptada', 'cuando el usuario administrador da ingreso a uno de las compras en estado 1 '),
(3, 'enviada', 'cuando el usuario deposito envia una de las compras en estado 2 '),
(4, 'cancelada', 'un administrador podra cancelar una compra en estado 1, deposito podra cancelar una compra en estado 2 y un usuario cliente en estado 1');

-- --------------------------------------------------------

--
-- Estructura de tabla para la tabla `compraitem`
--

CREATE TABLE `compraitem` (
  `idcompraitem` bigint(20) UNSIGNED NOT NULL,
  `idproducto` bigint(20) NOT NULL,
  `idcompra` bigint(20) NOT NULL,
  `cicantidad` int(11) NOT NULL
) ENGINE=InnoDB DEFAULT CHARSET=latin1 COLLATE=latin1_swedish_ci;

-- --------------------------------------------------------

--
-- Estructura de tabla para la tabla `menu`
--

CREATE TABLE `menu` (
  `idmenu` bigint(20) NOT NULL,
  `menombre` varchar(50) NOT NULL COMMENT 'Nombre del item del menu',
  `medescripcion` varchar(124) NOT NULL COMMENT 'Descripcion mas detallada del item del menu',
  `idpadre` bigint(20) DEFAULT NULL COMMENT 'Referencia al id del menu que es subitem',
  `medeshabilitado` timestamp NULL DEFAULT current_timestamp() COMMENT 'Fecha en la que el menu fue deshabilitado por ultima vez'
) ENGINE=InnoDB DEFAULT CHARSET=latin1 COLLATE=latin1_swedish_ci;

--
-- Volcado de datos para la tabla `menu`
--

INSERT INTO `menu` (`idmenu`, `menombre`, `medescripcion`, `idpadre`, `medeshabilitado`) VALUES
(1, 'Editar Cuenta', 'paginas/indexUsuario.php', NULL, NULL),
(2, 'Gestionar Usuarios', 'paginas/indexUsuarios.php', NULL, NULL),
(3, 'Gestionar Menus', 'paginas/indexMenu.php\r\n', NULL, NULL),
(4, 'Gestionar Roles', 'paginas/indexRol.php\r\n', NULL, NULL),
(5, 'Gestionar Productos', 'paginas/indexProductos.php\r\n', NULL, NULL),
(6, 'Tienda', 'paginas/tienda.php\r\n', NULL, NULL),
(7, 'Carrito', 'paginas/carrito.php\r\n', NULL, NULL),
(8, 'Mis Compras', 'paginas/misCompras.php\r\n', NULL, NULL),
(9, 'Gestionar Compras', 'paginas/gestionComprasDeposito.php\r\n', NULL, NULL),
(10, 'Gestionar Compras', 'paginas/gestionComprasAdmin.php\r\n', NULL, NULL);

-- --------------------------------------------------------

--
-- Estructura de tabla para la tabla `menurol`
--

CREATE TABLE `menurol` (
  `idmenu` bigint(20) NOT NULL,
  `idrol` bigint(20) NOT NULL
) ENGINE=InnoDB DEFAULT CHARSET=latin1 COLLATE=latin1_swedish_ci;

--
-- Volcado de datos para la tabla `menurol`
--

INSERT INTO `menurol` (`idmenu`, `idrol`) VALUES
(1, 1),
(1, 2),
(2, 2),
(3, 2),
(4, 2),
(5, 3),
(6, 1),
(7, 1),
(8, 1),
(9, 3),
(10, 2),
(1, 3);


-- --------------------------------------------------------

--
-- Estructura de tabla para la tabla `producto`
--

CREATE TABLE `producto` (
  `idproducto` bigint(20) NOT NULL,
  `pronombre` varchar(20) NOT NULL,
  `prodetalle` varchar(512) NOT NULL,
  `procantstock` int(11) NOT NULL,
  `proimporte` int(5) NOT NULL,
  `proimg` varchar(100) NOT NULL,
  `prodeshabilitado` timestamp NULL DEFAULT current_timestamp()
) ENGINE=InnoDB DEFAULT CHARSET=latin1 COLLATE=latin1_swedish_ci;

--
-- Volcado de datos para la tabla `producto`
--

INSERT INTO `producto` (`idproducto`, `pronombre`, `prodetalle`, `proimporte`, `prodeshabilitado`, `procantstock`) VALUES
(1, 'Casco de Seguridad', 'Se distingue por su excelente y moderno diseño.', 30000, NULL, 1),
(2, 'Mameluco', 'Confeccionado con tela de algodón 100%.', 20000, NULL, 13),
(3, 'Botas de Seguridad', 'Brindan una cobertura más extensa que los zapatos.', 25000, NULL, 20),
(4, 'Camisa', 'Confeccionada con gabardina 100% algodón.', 28000, NULL, 6),
(5, 'Guantes', 'Confeccionado con cuero descarne de color amarillo.', 14000, NULL, 16),
(6, 'Protector Auditivo', 'Suministra protección de manera no invasiva.', 25500, NULL, 8),
(7, 'Gafas de Seguridad', 'Protege los ojos de partículas voladoras.', 18000, NULL, 12),
(8, 'Pantalon', 'Confeccionado con tela de algodón 100%.', 25000, NULL, 10),
(9, 'Chaleco Reflectante', 'Confeccionado con tela de algodón 100%.', 15000, NULL, 10);

-- --------------------------------------------------------

--

--
-- Estructura de tabla para la tabla `rol`
--

CREATE TABLE `rol` (
  `idrol` bigint(20) NOT NULL,
  `rodescripcion` varchar(50) NOT NULL
) ENGINE=InnoDB DEFAULT CHARSET=latin1 COLLATE=latin1_swedish_ci;

--
-- Volcado de datos para la tabla `rol`
--

INSERT INTO `rol` (`idrol`, `rodescripcion`) VALUES
(1, 'cliente'),
(2, 'administrador'),
(3, 'deposito');

-- --------------------------------------------------------

--
-- Estructura de tabla para la tabla `usuario`
--

CREATE TABLE `usuario` (
  `idusuario` bigint(20) NOT NULL,
  `usnombre` varchar(50) NOT NULL,
  `uspass` varchar(100) NOT NULL,
  `usmail` varchar(50) NOT NULL,
  `usdeshabilitado` timestamp NULL DEFAULT NULL
) ENGINE=InnoDB DEFAULT CHARSET=latin1 COLLATE=latin1_swedish_ci;

--
-- Volcado de datos para la tabla `usuario`
--

INSERT INTO `usuario` (`idusuario`, `usnombre`, `uspass`, `usmail`, `usdeshabilitado`) VALUES
(1, 'admin', '2b1af9bdd3a5e5b816fefe468d8dac82', 'admin@mail.com', NULL),
(2, 'usuario', 'ebe28bf5f4f95790fed0f7ffb2886e98', 'usuario@mail.com', NULL),
(3, 'deposito', '04ceb1742613c418ec51fb6c9ee54a2e',"deposito@mail.com", NULL);

-- --------------------------------------------------------

--
-- Estructura de tabla para la tabla `usuariorol`
--

CREATE TABLE `usuariorol` (
  `idusuario` bigint(20) NOT NULL,
  `idrol` bigint(20) NOT NULL
) ENGINE=InnoDB DEFAULT CHARSET=latin1 COLLATE=latin1_swedish_ci;

--
-- Volcado de datos para la tabla `usuariorol`
--

INSERT INTO `usuariorol` (`idusuario`, `idrol`) VALUES
(1, 2),
(2, 1),
(3, 3);

--
-- Índices para tablas volcadas
--

--
-- Indices de la tabla `compra`
--
ALTER TABLE `compra`
  ADD PRIMARY KEY (`idcompra`),
  ADD UNIQUE KEY `idcompra` (`idcompra`),
  ADD KEY `fkcompra_1` (`idusuario`);

--
-- Indices de la tabla `compraestado`
--
ALTER TABLE `compraestado`
  ADD PRIMARY KEY (`idcompraestado`),
  ADD UNIQUE KEY `idcompraestado` (`idcompraestado`),
  ADD KEY `fkcompraestado_1` (`idcompra`),
  ADD KEY `fkcompraestado_2` (`idcompraestadotipo`);

--
-- Indices de la tabla `compraestadotipo`
--
ALTER TABLE `compraestadotipo`
  ADD PRIMARY KEY (`idcompraestadotipo`);

--
-- Indices de la tabla `compraitem`
--
ALTER TABLE `compraitem`
  ADD PRIMARY KEY (`idcompraitem`),
  ADD UNIQUE KEY `idcompraitem` (`idcompraitem`),
  ADD KEY `fkcompraitem_1` (`idcompra`),
  ADD KEY `fkcompraitem_2` (`idproducto`);

--
-- Indices de la tabla `menu`
--
ALTER TABLE `menu`
  ADD PRIMARY KEY (`idmenu`),
  ADD UNIQUE KEY `idmenu` (`idmenu`),
  ADD KEY `fkmenu_1` (`idpadre`);

--
-- Indices de la tabla `menurol`
--
ALTER TABLE `menurol`
  ADD PRIMARY KEY (`idmenu`,`idrol`),
  ADD KEY `fkmenurol_2` (`idrol`);

--
-- Indices de la tabla `producto`
--
ALTER TABLE `producto`
  ADD PRIMARY KEY (`idproducto`);

--
-- Indices de la tabla `rol`
--
ALTER TABLE `rol`
  ADD PRIMARY KEY (`idrol`),
  ADD UNIQUE KEY `idrol` (`idrol`);

--
-- Indices de la tabla `usuario`
--
ALTER TABLE `usuario`
  ADD PRIMARY KEY (`idusuario`),
  ADD UNIQUE KEY `idusuario` (`idusuario`);

--
-- Indices de la tabla `usuariorol`
--
ALTER TABLE `usuariorol`
  ADD PRIMARY KEY (`idusuario`,`idrol`),
  ADD KEY `idusuario` (`idusuario`),
  ADD KEY `idrol` (`idrol`);

--
-- AUTO_INCREMENT de las tablas volcadas
--

--
-- AUTO_INCREMENT de la tabla `compra`
--
ALTER TABLE `compra`
  MODIFY `idcompra` bigint(20) NOT NULL AUTO_INCREMENT;

--
-- AUTO_INCREMENT de la tabla `compraestado`
--
ALTER TABLE `compraestado`
  MODIFY `idcompraestado` bigint(20) UNSIGNED NOT NULL AUTO_INCREMENT;

--
-- AUTO_INCREMENT de la tabla `compraitem`
--
ALTER TABLE `compraitem`
  MODIFY `idcompraitem` bigint(20) UNSIGNED NOT NULL AUTO_INCREMENT;

--
-- AUTO_INCREMENT de la tabla `menu`
--
ALTER TABLE `menu`
  MODIFY `idmenu` bigint(20) NOT NULL AUTO_INCREMENT, AUTO_INCREMENT=11;

--
-- AUTO_INCREMENT de la tabla `producto`
--
ALTER TABLE `producto`
  MODIFY `idproducto` bigint(20) NOT NULL AUTO_INCREMENT, AUTO_INCREMENT=1;

--
-- AUTO_INCREMENT de la tabla `rol`
--
ALTER TABLE `rol`
  MODIFY `idrol` bigint(20) NOT NULL AUTO_INCREMENT, AUTO_INCREMENT=4;

--
-- AUTO_INCREMENT de la tabla `usuario`
--
ALTER TABLE `usuario`
  MODIFY `idusuario` bigint(20) NOT NULL AUTO_INCREMENT, AUTO_INCREMENT=4;

--
-- Restricciones para tablas volcadas
--

--
-- Filtros para la tabla `compra`
--
ALTER TABLE `compra`
  ADD CONSTRAINT `fkcompra_1` FOREIGN KEY (`idusuario`) REFERENCES `usuario` (`idusuario`) ON UPDATE CASCADE;

--
-- Filtros para la tabla `compraestado`
--
ALTER TABLE `compraestado`
  ADD CONSTRAINT `fkcompraestado_1` FOREIGN KEY (`idcompra`) REFERENCES `compra` (`idcompra`) ON UPDATE CASCADE,
  ADD CONSTRAINT `fkcompraestado_2` FOREIGN KEY (`idcompraestadotipo`) REFERENCES `compraestadotipo` (`idcompraestadotipo`) ON UPDATE CASCADE;

--
-- Filtros para la tabla `menu`
--
ALTER TABLE `menu`
  ADD CONSTRAINT `fkmenu_1` FOREIGN KEY (`idpadre`) REFERENCES `menu` (`idmenu`) ON UPDATE CASCADE;

--
-- Filtros para la tabla `menurol`
--
ALTER TABLE `menurol`
  ADD CONSTRAINT `fkmenurol_1` FOREIGN KEY (`idmenu`) REFERENCES `menu` (`idmenu`) ON UPDATE CASCADE,
  ADD CONSTRAINT `fkmenurol_2` FOREIGN KEY (`idrol`) REFERENCES `rol` (`idrol`) ON UPDATE CASCADE;

--
-- Filtros para la tabla `usuariorol`
--
ALTER TABLE `usuariorol`
  ADD CONSTRAINT `fkmovimiento_1` FOREIGN KEY (`idrol`) REFERENCES `rol` (`idrol`) ON UPDATE CASCADE,
  ADD CONSTRAINT `usuariorol_ibfk_2` FOREIGN KEY (`idusuario`) REFERENCES `usuario` (`idusuario`) ON UPDATE CASCADE;
COMMIT;

/*!40101 SET CHARACTER_SET_CLIENT=@OLD_CHARACTER_SET_CLIENT */;
/*!40101 SET CHARACTER_SET_RESULTS=@OLD_CHARACTER_SET_RESULTS */;
/*!40101 SET COLLATION_CONNECTION=@OLD_COLLATION_CONNECTION */;
